<?xml version="1.0" encoding="UTF-8"?>
<project-private xmlns="http://www.netbeans.org/ns/project-private/1">
    <editor-bookmarks xmlns="http://www.netbeans.org/ns/editor-bookmarks/2" lastBookmarkId="0"/>
    <open-files xmlns="http://www.netbeans.org/ns/projectui-open-files/2">
        <group>
            <file>file:/C:/Users/Waqar/Documents/NetBeansProjects/Maain/src/maain/Login.java</file>
            <file>file:/C:/Users/Waqar/Documents/NetBeansProjects/Maain/src/maain/CancelBooking.java</file>
            <file>file:/C:/Users/Waqar/Documents/NetBeansProjects/Maain/src/maain/RatingClass.java</file>
            <file>file:/C:/Users/Waqar/Documents/NetBeansProjects/Maain/src/maain/MainPage.java</file>
            <file>file:/C:/Users/Waqar/Documents/NetBeansProjects/Maain/src/maain/Maain.java</file>
            <file>file:/C:/Users/Waqar/Documents/NetBeansProjects/Maain/src/maain/RoomManager.java</file>
            <file>file:/C:/Users/Waqar/Documents/NetBeansProjects/Maain/src/maain/SignUp.java</file>
            <file>file:/C:/Users/Waqar/Documents/NetBeansProjects/Maain/src/maain/ChangePassword.java</file>
            <file>file:/C:/Users/Waqar/Documents/NetBeansProjects/Maain/src/maain/BookaRoom.java</file>
        </group>
    </open-files>
</project-private>
